file,first_record_得票数
data/texts/Oogirichaya_raw_data/2021-11-21_No.3327_8177_CTU.csv,0.0
data/texts/Oogirichaya_raw_data/2021-11-22_No.1338_6007_CJD.csv,8.0
data/texts/Oogirichaya_raw_data/2021-11-23_No.5066_1518_INZ.csv,9.0
data/texts/Oogirichaya_raw_data/2021-11-24_No.7445_0198_XKG.csv,17.0
data/texts/Oogirichaya_raw_data/2021-11-25_No.3635_5504_UYK.csv,13.0
data/texts/Oogirichaya_raw_data/2021-11-26_No.1879_1377_NGZ.csv,9.0
data/texts/Oogirichaya_raw_data/2021-11-28_No.1982_5985_WNV.csv,16.0
data/texts/Oogirichaya_raw_data/2021-11-29_No.4043_5232_RNR.csv,22.0
data/texts/Oogirichaya_raw_data/2021-11-30_No.9362_6457_EDL.csv,16.0
data/texts/Oogirichaya_raw_data/2021-12-01_No.7673_6945_OXW.csv,14.0
data/texts/Oogirichaya_raw_data/2021-12-02_No.5923_2123_KYN.csv,15.0
data/texts/Oogirichaya_raw_data/2021-12-03_No.2195_2097_EPF.csv,10.0
data/texts/Oogirichaya_raw_data/2021-12-04_No.9598_1948_BCV.csv,14.0
data/texts/Oogirichaya_raw_data/2021-12-05_No.3014_4939_QDE.csv,13.0
data/texts/Oogirichaya_raw_data/2021-12-06_No.1827_3656_CJV.csv,17.0
data/texts/Oogirichaya_raw_data/2021-12-07_No.0471_1668_BHD.csv,18.0
data/texts/Oogirichaya_raw_data/2021-12-08_No.3913_2579_LZR.csv,2.0
data/texts/Oogirichaya_raw_data/2021-12-10_No.YA_1547_1318.csv,17.0
data/texts/Oogirichaya_raw_data/2021-12-11_No.1274_2604_OGF.csv,15.0
data/texts/Oogirichaya_raw_data/2021-12-12_No.1154_2601_JPP.csv,20.0
data/texts/Oogirichaya_raw_data/2021-12-13_No.3666_4765_SFH.csv,3.0
data/texts/Oogirichaya_raw_data/2021-12-14_No.9012_9263_NWW.csv,18.0
data/texts/Oogirichaya_raw_data/2021-12-15_No.5295_4683_JDY.csv,16.0
data/texts/Oogirichaya_raw_data/2021-12-16_No.6961_1918_MOD.csv,22.0
data/texts/Oogirichaya_raw_data/2021-12-17_No.9920_9253_AIT.csv,20.0
data/texts/Oogirichaya_raw_data/2021-12-18_No.7259_0277_WFF.csv,17.0
data/texts/Oogirichaya_raw_data/2021-12-19_No.0482_4484_WXB.csv,15.0
data/texts/Oogirichaya_raw_data/2021-12-20_No.7399_2329_QDB.csv,14.0
data/texts/Oogirichaya_raw_data/2021-12-21_No.8166_4128_SYL.csv,15.0
data/texts/Oogirichaya_raw_data/2021-12-22_No.8391_8724_XAN.csv,20.0
data/texts/Oogirichaya_raw_data/2021-12-23_No.0639_4915_WLW.csv,18.0
data/texts/Oogirichaya_raw_data/2021-12-24_No.6954_8330_BHV.csv,12.0
data/texts/Oogirichaya_raw_data/2021-12-25_No.7118_7908_IBX.csv,17.0
data/texts/Oogirichaya_raw_data/2021-12-27_No.9916_4639_ACT.csv,19.0
data/texts/Oogirichaya_raw_data/2021-12-28_No.3570_6665_OOX.csv,18.0
data/texts/Oogirichaya_raw_data/2021-12-30_No.6100_7954_OUD.csv,24.0
data/texts/Oogirichaya_raw_data/2021-12-31_No.5216_7525_AAS.csv,17.0
data/texts/Oogirichaya_raw_data/2022-01-02_No.1765_2672_WAJ.csv,20.0
data/texts/Oogirichaya_raw_data/2022-01-04_No.4602_5978_FPL.csv,13.0
data/texts/Oogirichaya_raw_data/2022-01-05_No.7985_4488_ACL.csv,18.0
data/texts/Oogirichaya_raw_data/2022-01-06_No.7638_8344_TTO.csv,20.0
data/texts/Oogirichaya_raw_data/2022-01-07_No.0361_0195_GZI.csv,23.0
data/texts/Oogirichaya_raw_data/2022-01-08_No.1114_3257_GFI.csv,34.0
data/texts/Oogirichaya_raw_data/2022-01-09_No.6896_1194_TFM.csv,22.0
data/texts/Oogirichaya_raw_data/2022-01-10_No.9630_8818_TFH.csv,18.0
data/texts/Oogirichaya_raw_data/2022-01-11_No.1525_8107_URP.csv,17.0
data/texts/Oogirichaya_raw_data/2022-01-12_No.0340_1548_LRP.csv,15.0
data/texts/Oogirichaya_raw_data/2022-01-13_No.1176_3708_AFG.csv,19.0
data/texts/Oogirichaya_raw_data/2022-01-14_No.1885_1666_UPY.csv,13.0
data/texts/Oogirichaya_raw_data/2022-01-15_No.2558_7778_SVQ.csv,21.0
data/texts/Oogirichaya_raw_data/2022-01-17_No.7369_1981_ZFB.csv,11.0
data/texts/Oogirichaya_raw_data/2022-01-18_No.2369_4075_JBX.csv,17.0
data/texts/Oogirichaya_raw_data/2022-01-21_No.3789_1082_UJL.csv,18.0
data/texts/Oogirichaya_raw_data/2022-01-22_No.0645_6184_HUE.csv,24.0
data/texts/Oogirichaya_raw_data/2022-01-23_No.4316_8393_TPX.csv,15.0
data/texts/Oogirichaya_raw_data/2022-01-24_No.8667_6423_OFL.csv,15.0
data/texts/Oogirichaya_raw_data/2022-01-25_No.8109_5963_WMI.csv,17.0
data/texts/Oogirichaya_raw_data/2022-01-26_No.6430_9111_IGG.csv,17.0
data/texts/Oogirichaya_raw_data/2022-01-27_No.5292_5359_HIC.csv,18.0
data/texts/Oogirichaya_raw_data/2022-01-29_No.0065_3384_BEH.csv,19.0
data/texts/Oogirichaya_raw_data/2022-01-30_No.8340_9895_QLW.csv,10.0
data/texts/Oogirichaya_raw_data/2022-01-31_No.7498_1730_YEH.csv,17.0
data/texts/Oogirichaya_raw_data/2022-02-01_No.2700_2423_ZEV.csv,15.0
data/texts/Oogirichaya_raw_data/2022-02-02_No.9684_4679_CLP.csv,13.0
data/texts/Oogirichaya_raw_data/2022-02-03_No.7905_8982_FIK.csv,15.0
data/texts/Oogirichaya_raw_data/2022-02-04_No.8290_1321_IUZ.csv,24.0
data/texts/Oogirichaya_raw_data/2022-02-05_No.7456_1824_TSJ.csv,20.0
data/texts/Oogirichaya_raw_data/2022-02-06_No.5726_4721_FKE.csv,20.0
data/texts/Oogirichaya_raw_data/2022-02-07_No.3313_6845_YPV.csv,19.0
data/texts/Oogirichaya_raw_data/2022-02-08_No.6283_3932_MAG.csv,33.0
data/texts/Oogirichaya_raw_data/2022-02-09_No.2652_0523_KHZ.csv,23.0
data/texts/Oogirichaya_raw_data/2022-02-12_No.5070_3122_MVC.csv,30.0
data/texts/Oogirichaya_raw_data/2022-02-14_No.0046_4992_TOG.csv,39.0
data/texts/Oogirichaya_raw_data/2022-02-15_No.3858_0367_YLY.csv,25.0
data/texts/Oogirichaya_raw_data/2022-02-16_No.9527_4074_FYI.csv,37.0
data/texts/Oogirichaya_raw_data/2022-02-17_No.7758_2014_RVS.csv,38.0
data/texts/Oogirichaya_raw_data/2022-02-18_No.2182_9273_AMG.csv,27.0
data/texts/Oogirichaya_raw_data/2022-02-19_No.8884_6364_OTO.csv,20.0
data/texts/Oogirichaya_raw_data/2022-02-20_No.4996_2557_MUB.csv,23.0
data/texts/Oogirichaya_raw_data/2022-02-21_No.9670_3939_AAP.csv,21.0
data/texts/Oogirichaya_raw_data/2022-02-22_No.0361_2798_DEK.csv,16.0
data/texts/Oogirichaya_raw_data/2022-02-23_No.3379_2823_INQ.csv,43.0
data/texts/Oogirichaya_raw_data/2022-02-24_No.4381_2648_DJN.csv,26.0
data/texts/Oogirichaya_raw_data/2022-02-26_No.1907_2047_ULS.csv,31.0
data/texts/Oogirichaya_raw_data/2022-02-27_No.3891_6554_XRC.csv,37.0
data/texts/Oogirichaya_raw_data/2022-02-28_No.8714_2349_RYD.csv,25.0
data/texts/Oogirichaya_raw_data/2022-03-02_No.3160_5399_LGU.csv,35.0
data/texts/Oogirichaya_raw_data/2022-03-03_No.8416_9154_YYY.csv,34.0
data/texts/Oogirichaya_raw_data/2022-03-04_No.9185_5255_UEV.csv,24.0
data/texts/Oogirichaya_raw_data/2022-03-05_No.4446_0076_ILL.csv,22.0
data/texts/Oogirichaya_raw_data/2022-03-06_No.9343_8369_JRK.csv,33.0
data/texts/Oogirichaya_raw_data/2022-03-07_No.5331_9337_BEC.csv,30.0
data/texts/Oogirichaya_raw_data/2022-03-08_No.1370_1924_AVD.csv,27.0
data/texts/Oogirichaya_raw_data/2022-03-09_No.3023_9912_JLU.csv,32.0
data/texts/Oogirichaya_raw_data/2022-03-10_No.9455_1145_UHJ.csv,47.0
data/texts/Oogirichaya_raw_data/2022-03-11_No.8505_5686_KDR.csv,44.0
data/texts/Oogirichaya_raw_data/2022-03-12_No.1082_9140_GVZ.csv,23.0
data/texts/Oogirichaya_raw_data/2022-03-14_No.0202_3960_MUC.csv,50.0
data/texts/Oogirichaya_raw_data/2022-03-15_No.1481_8326_MLA.csv,31.0
data/texts/Oogirichaya_raw_data/2022-03-16_No.6983_8019_BES.csv,27.0
data/texts/Oogirichaya_raw_data/2022-03-18_No.9178_9058_ABX.csv,25.0
data/texts/Oogirichaya_raw_data/2022-03-20_No.7749_1537_RDS.csv,44.0
data/texts/Oogirichaya_raw_data/2022-03-21_No.8085_4652_LDR.csv,42.0
data/texts/Oogirichaya_raw_data/2022-03-22_No.5677_4111_ZZP.csv,45.0
data/texts/Oogirichaya_raw_data/2022-03-23_No.4743_6281_MQP.csv,23.0
data/texts/Oogirichaya_raw_data/2022-03-24_No.8542_9595_RLH.csv,27.0
data/texts/Oogirichaya_raw_data/2022-03-25_No.6141_9277_LAE.csv,35.0
data/texts/Oogirichaya_raw_data/2022-03-27_No.1242_8419_NJM.csv,35.0
data/texts/Oogirichaya_raw_data/2022-03-29_No.9845_8578_LMP.csv,34.0
data/texts/Oogirichaya_raw_data/2022-03-30_No.1022_6775_RVG.csv,34.0
data/texts/Oogirichaya_raw_data/2022-03-31_No.3959_2116_LLP.csv,26.0
data/texts/Oogirichaya_raw_data/2022-04-02_No.0904_2510_GDU.csv,33.0
data/texts/Oogirichaya_raw_data/2022-04-03_No.3372_5893_GBK.csv,26.0
data/texts/Oogirichaya_raw_data/2022-04-04_No.8917_7428_YDO.csv,25.0
data/texts/Oogirichaya_raw_data/2022-04-09_No.5401_7577_BND.csv,24.0
data/texts/Oogirichaya_raw_data/2022-04-11_No.1084_2250_DOL.csv,33.0
data/texts/Oogirichaya_raw_data/2022-04-13_No.7715_1333_OQH.csv,29.0
data/texts/Oogirichaya_raw_data/2022-04-14_No.5790_4089_PBM.csv,29.0
data/texts/Oogirichaya_raw_data/2022-04-15_No.4055_9774_IUA.csv,19.0
data/texts/Oogirichaya_raw_data/2022-04-16_No.8220_0149_AWK.csv,35.0
data/texts/Oogirichaya_raw_data/2022-04-17_No.3985_9224_YSD.csv,34.0
data/texts/Oogirichaya_raw_data/2022-04-18_No.7499_0997_NKY.csv,22.0
data/texts/Oogirichaya_raw_data/2022-04-20_No.5409_6465_HNT.csv,29.0
data/texts/Oogirichaya_raw_data/2022-04-21_No.9537_3446_WCW.csv,31.0
data/texts/Oogirichaya_raw_data/2022-04-22_No.0543_0927_CYI.csv,21.0
data/texts/Oogirichaya_raw_data/2022-04-23_No.9440_1322_QZV.csv,19.0
data/texts/Oogirichaya_raw_data/2022-04-25_No.6147_0287_YRM.csv,30.0
data/texts/Oogirichaya_raw_data/2022-04-27_No.6253_5263_RRL.csv,25.0
data/texts/Oogirichaya_raw_data/2022-04-28_No.4027_4649_SUJ.csv,31.0
data/texts/Oogirichaya_raw_data/2022-04-30_No.5842_7253_OCS.csv,36.0
data/texts/Oogirichaya_raw_data/2022-05-01_No.5410_8995_BWS.csv,33.0
data/texts/Oogirichaya_raw_data/2022-05-03_No.7945_3170_URK.csv,34.0
data/texts/Oogirichaya_raw_data/2022-05-06_No.9221_9926_OBD.csv,33.0
data/texts/Oogirichaya_raw_data/2022-05-07_No.9022_1221_EAQ.csv,23.0
data/texts/Oogirichaya_raw_data/2022-05-08_No.4777_5375_PYD.csv,25.0
data/texts/Oogirichaya_raw_data/2022-05-09_No.1552_0285_HFX.csv,36.0
data/texts/Oogirichaya_raw_data/2022-05-10_No.3113_5756_UYR.csv,23.0
data/texts/Oogirichaya_raw_data/2022-05-11_No.9148_3743_QLS.csv,36.0
data/texts/Oogirichaya_raw_data/2022-05-12_No.6865_3502_DML.csv,23.0
data/texts/Oogirichaya_raw_data/2022-05-13_No.3301_2262_HYD.csv,33.0
data/texts/Oogirichaya_raw_data/2022-05-14_No.7468_0661_EEA.csv,26.0
data/texts/Oogirichaya_raw_data/2022-05-15_No.3737_1345_PFE.csv,33.0
data/texts/Oogirichaya_raw_data/2022-05-16_No.3083_6670_TRC.csv,29.0
data/texts/Oogirichaya_raw_data/2022-05-17_No.5252_3601_FFI.csv,28.0
data/texts/Oogirichaya_raw_data/2022-05-19_No.4666_0726_VXD.csv,53.0
data/texts/Oogirichaya_raw_data/2022-05-20_No.6192_4226_BGT.csv,35.0
data/texts/Oogirichaya_raw_data/2022-05-21_No.9822_4943_XOW.csv,25.0
data/texts/Oogirichaya_raw_data/2022-05-22_No.7469_6884_SHJ.csv,34.0
data/texts/Oogirichaya_raw_data/2022-05-23_No.6919_5204_PIN.csv,31.0
data/texts/Oogirichaya_raw_data/2022-05-24_No.7132_9233_FKH.csv,37.0
data/texts/Oogirichaya_raw_data/2022-05-25_No.8001_5254_XGB.csv,30.0
data/texts/Oogirichaya_raw_data/2022-05-28_No.8520_2457_GIX.csv,31.0
data/texts/Oogirichaya_raw_data/2022-06-01_No.8672_7275_QFU.csv,60.0
data/texts/Oogirichaya_raw_data/2022-06-02_No.5025_0380_VAW.csv,35.0
data/texts/Oogirichaya_raw_data/2022-06-04_No.5671_7779_FCY.csv,33.0
data/texts/Oogirichaya_raw_data/2022-06-08_No.4476_6270_UHY.csv,46.0
data/texts/Oogirichaya_raw_data/2022-06-10_No.0685_0513_WMM.csv,42.0
data/texts/Oogirichaya_raw_data/2022-06-11_No.3983_5568_XVB.csv,41.0
data/texts/Oogirichaya_raw_data/2022-06-12_No.3808_4017_TFD.csv,61.0
data/texts/Oogirichaya_raw_data/2022-06-15_No.8457_8697_BYQ.csv,50.0
data/texts/Oogirichaya_raw_data/2022-06-16_No.0976_1793_DUZ.csv,48.0
data/texts/Oogirichaya_raw_data/2022-06-17_No.0667_8338_AWT.csv,42.0
data/texts/Oogirichaya_raw_data/2022-06-18_No.8873_3512_FLJ.csv,54.0
data/texts/Oogirichaya_raw_data/2022-06-19_No.5841_6527_DVB.csv,62.0
data/texts/Oogirichaya_raw_data/2022-06-21_No.2490_9851_TPQ.csv,55.0
data/texts/Oogirichaya_raw_data/2022-06-27_No.6451_1634_TVD.csv,69.0
data/texts/Oogirichaya_raw_data/2022-06-28_No.6094_2628_WLZ.csv,59.0
data/texts/Oogirichaya_raw_data/2022-06-29_No.1132_5840_MAJ.csv,65.0
data/texts/Oogirichaya_raw_data/2022-07-01_No.6969_3342_CUP.csv,44.0
data/texts/Oogirichaya_raw_data/2022-07-02_No.0254_4321_FRG.csv,43.0
data/texts/Oogirichaya_raw_data/2022-07-03_No.1978_5237_ZMY.csv,60.0
data/texts/Oogirichaya_raw_data/2022-07-04_No.8732_1406_ZZA.csv,59.0
data/texts/Oogirichaya_raw_data/2022-07-05_No.4164_2005_ULU.csv,70.0
data/texts/Oogirichaya_raw_data/2022-07-06_No.7892_8783_KAQ.csv,53.0
data/texts/Oogirichaya_raw_data/2022-07-07_No.5780_1420_BQO.csv,61.0
data/texts/Oogirichaya_raw_data/2022-07-08_No.0230_4343_XFK.csv,52.0
data/texts/Oogirichaya_raw_data/2022-07-09_No.4636_8608_JTW.csv,77.0
data/texts/Oogirichaya_raw_data/2022-07-10_No.8617_9172_NDR.csv,59.0
data/texts/Oogirichaya_raw_data/2022-07-11_No.3518_6154_ZFW.csv,74.0
data/texts/Oogirichaya_raw_data/2022-07-12_No.2007_5086_WZN.csv,69.0
data/texts/Oogirichaya_raw_data/2022-07-14_No.8865_9351_ERE.csv,75.0
data/texts/Oogirichaya_raw_data/2022-07-15_No.8900_7634_GKX.csv,58.0
data/texts/Oogirichaya_raw_data/2022-07-16_No.4569_7476_TEB.csv,59.0
data/texts/Oogirichaya_raw_data/2022-07-17_No.3694_5409_UXD.csv,94.0
data/texts/Oogirichaya_raw_data/2022-07-18_No.3257_0526_GCH.csv,74.0
data/texts/Oogirichaya_raw_data/2022-07-21_No.0247_5734_TAS.csv,85.0
data/texts/Oogirichaya_raw_data/2022-07-22_No.3810_4811_QFX.csv,88.0
data/texts/Oogirichaya_raw_data/2022-07-24_No.9192_9049_OCQ.csv,88.0
data/texts/Oogirichaya_raw_data/2022-07-26_No.2398_2654_GNR.csv,88.0
data/texts/Oogirichaya_raw_data/2022-07-27_No.8249_6663_QML.csv,92.0
data/texts/Oogirichaya_raw_data/2022-07-28_No.3175_0250_JSN.csv,89.0
data/texts/Oogirichaya_raw_data/2022-07-29_No.7581_6115_ORU.csv,140.0
data/texts/Oogirichaya_raw_data/2022-07-30_No.5467_0878_JFY.csv,103.0
data/texts/Oogirichaya_raw_data/2022-07-31_No.0469_2320_DJG.csv,119.0
data/texts/Oogirichaya_raw_data/2022-08-01_No.7739_9125_TPT.csv,80.0
data/texts/Oogirichaya_raw_data/2022-08-02_No.6533_0221_MXF.csv,92.0
data/texts/Oogirichaya_raw_data/2022-08-03_No.2666_4559_HTA.csv,116.0
data/texts/Oogirichaya_raw_data/2022-08-06_No.8453_0516_LKD.csv,98.0
data/texts/Oogirichaya_raw_data/2022-08-07_No.2028_2661_AWJ.csv,86.0
data/texts/Oogirichaya_raw_data/2022-08-11_No.3808_0727_WJR.csv,48.0
data/texts/Oogirichaya_raw_data/2022-08-12_No.7975_6602_EHK.csv,51.0
data/texts/Oogirichaya_raw_data/2022-08-13_No.6824_6976_PFJ.csv,47.0
data/texts/Oogirichaya_raw_data/2022-08-14_No.7262_7516_EMQ.csv,59.0
data/texts/Oogirichaya_raw_data/2022-08-15_No.4842_2741_TEJ.csv,60.0
data/texts/Oogirichaya_raw_data/2022-08-17_No.3231_7695_QXF.csv,49.0
data/texts/Oogirichaya_raw_data/2022-08-18_No.0890_2872_RHB.csv,63.0
data/texts/Oogirichaya_raw_data/2022-08-19_No.7302_9723_KKA.csv,58.0
data/texts/Oogirichaya_raw_data/2022-08-20_No.2148_2377_UPR.csv,53.0
data/texts/Oogirichaya_raw_data/2022-08-23_No.0900_3600_FRH.csv,35.0
data/texts/Oogirichaya_raw_data/2022-08-24_No.0377_3391_IXQ.csv,40.0
data/texts/Oogirichaya_raw_data/2022-08-26_No.0119_4747_JIX.csv,80.0
data/texts/Oogirichaya_raw_data/2022-08-28_No.4010_5182_QVQ.csv,82.0
data/texts/Oogirichaya_raw_data/2022-08-29_No.2112_3160_HSE.csv,66.0
data/texts/Oogirichaya_raw_data/2022-08-30_No.5810_9091_XLC.csv,83.0
data/texts/Oogirichaya_raw_data/2022-08-31_No.2035_3139_VUY.csv,77.0
data/texts/Oogirichaya_raw_data/2022-09-01_No.2991_6084_HAA.csv,93.0
data/texts/Oogirichaya_raw_data/2022-09-03_No.6406_7413_WVT.csv,53.0
data/texts/Oogirichaya_raw_data/2022-09-04_No.3262_7940_VHE.csv,63.0
data/texts/Oogirichaya_raw_data/2022-09-06_No.3938_8352_LOJ.csv,53.0
data/texts/Oogirichaya_raw_data/2022-09-07_No.0413_5937_DRM.csv,44.0
data/texts/Oogirichaya_raw_data/2022-09-08_No.3662_0006_DJS.csv,74.0
data/texts/Oogirichaya_raw_data/2022-09-09_No.6772_8522_ZLN.csv,39.0
data/texts/Oogirichaya_raw_data/2022-09-10_No.0019_1839_MHN.csv,68.0
data/texts/Oogirichaya_raw_data/2022-09-11_No.0382_3911_RIP.csv,95.0
data/texts/Oogirichaya_raw_data/2022-09-12_No.5104_9552_SPO.csv,43.0
data/texts/Oogirichaya_raw_data/2022-09-13_No.0350_0247_ZAO.csv,71.0
data/texts/Oogirichaya_raw_data/2022-09-14_No.0415_7799_WKA.csv,73.0
data/texts/Oogirichaya_raw_data/2022-09-15_No.1044_6420_DLP.csv,65.0
data/texts/Oogirichaya_raw_data/2022-09-16_No.3805_0444_AKN.csv,63.0
data/texts/Oogirichaya_raw_data/2022-09-17_No.5925_4518_ZFH.csv,45.0
data/texts/Oogirichaya_raw_data/2022-09-18_No.1435_4543_KZN.csv,38.0
data/texts/Oogirichaya_raw_data/2022-09-19_No.0155_4074_TUR.csv,52.0
data/texts/Oogirichaya_raw_data/2022-09-20_No.3735_1749_QUO.csv,72.0
data/texts/Oogirichaya_raw_data/2022-09-21_No.1954_7116_YSI.csv,67.0
data/texts/Oogirichaya_raw_data/2022-09-22_No.7637_9060_RES.csv,57.0
data/texts/Oogirichaya_raw_data/2022-09-23_No.0926_2402_ZPE.csv,47.0
data/texts/Oogirichaya_raw_data/2022-09-24_No.0669_9453_FKE.csv,76.0
data/texts/Oogirichaya_raw_data/2022-09-25_No.3277_5687_AQH.csv,51.0
data/texts/Oogirichaya_raw_data/2022-09-26_No.3797_8413_LHB.csv,51.0
data/texts/Oogirichaya_raw_data/2022-09-27_No.4546_8233_XHL.csv,73.0
data/texts/Oogirichaya_raw_data/2022-09-28_No.4111_4696_XIN.csv,38.0
data/texts/Oogirichaya_raw_data/2022-09-30_No.2292_4944_QXG.csv,59.0
data/texts/Oogirichaya_raw_data/2022-10-01_No.4386_2906_NHM.csv,59.0
data/texts/Oogirichaya_raw_data/2022-10-02_No.4532_9982_SKN.csv,54.0
data/texts/Oogirichaya_raw_data/2022-10-07_No.9406_0969_UTY.csv,36.0
data/texts/Oogirichaya_raw_data/2022-10-14_No.5866_9073_EGH.csv,50.0
data/texts/Oogirichaya_raw_data/2022-10-19_No.6175_1906_SSX.csv,63.0
data/texts/Oogirichaya_raw_data/2022-10-20_No.2169_9485_PRU.csv,99.0
data/texts/Oogirichaya_raw_data/2022-10-21_No.4603_5279_VSY.csv,60.0
data/texts/Oogirichaya_raw_data/2022-10-23_No.2222_6677_IIB.csv,77.0
data/texts/Oogirichaya_raw_data/2022-10-24_No.1390_8124_LPP.csv,81.0
data/texts/Oogirichaya_raw_data/2022-10-25_No.0680_3078_FLK.csv,36.0
data/texts/Oogirichaya_raw_data/2022-10-27_No.1209_8721_FHO.csv,57.0
data/texts/Oogirichaya_raw_data/2022-10-29_No.2743_1209_YSC.csv,43.0
data/texts/Oogirichaya_raw_data/2022-10-30_No.1690_8192_TDT.csv,63.0
data/texts/Oogirichaya_raw_data/2022-10-31_No.4465_1944_DCZ.csv,58.0
data/texts/Oogirichaya_raw_data/2022-11-01_No.5357_3082_FGV.csv,101.0
data/texts/Oogirichaya_raw_data/2022-11-02_No.4694_1211_HDD.csv,72.0
data/texts/Oogirichaya_raw_data/2022-11-03_No.8753_0892_IGK.csv,64.0
data/texts/Oogirichaya_raw_data/2022-11-04_No.1434_2092_MZB.csv,47.0
data/texts/Oogirichaya_raw_data/2022-11-07_No.0662_0969_IMX.csv,52.0
data/texts/Oogirichaya_raw_data/2022-11-08_No.4640_6329_SPT.csv,48.0
data/texts/Oogirichaya_raw_data/2022-11-09_No.3643_0984_SGT.csv,33.0
data/texts/Oogirichaya_raw_data/2022-11-10_No.4258_3512_UEZ.csv,51.0
data/texts/Oogirichaya_raw_data/2022-11-11_No.1339_9647_MPF.csv,46.0
data/texts/Oogirichaya_raw_data/2022-11-13_No.1042_6023_QJG.csv,68.0
data/texts/Oogirichaya_raw_data/2022-11-14_No.1994_9613_CHW.csv,55.0
data/texts/Oogirichaya_raw_data/2022-11-15_No.4769_8935_SQG.csv,40.0
data/texts/Oogirichaya_raw_data/2022-11-16_No.1215_3945_VJP.csv,49.0
data/texts/Oogirichaya_raw_data/2022-11-17_No.0464_6084_KDE.csv,41.0
data/texts/Oogirichaya_raw_data/2022-11-18_No.6081_4236_WQA.csv,44.0
data/texts/Oogirichaya_raw_data/2022-11-19_No.0530_0630_DOU.csv,39.0
data/texts/Oogirichaya_raw_data/2022-11-22_No.1833_4098_GXD.csv,38.0
data/texts/Oogirichaya_raw_data/2022-11-23_No.5153_3417_YGX.csv,40.0
data/texts/Oogirichaya_raw_data/2022-11-24_No.0785_6951_FOU.csv,77.0
data/texts/Oogirichaya_raw_data/2022-11-25_No.1551_4121_MNK.csv,57.0
data/texts/Oogirichaya_raw_data/2022-11-26_No.7902_7321_CAI.csv,57.0
data/texts/Oogirichaya_raw_data/2022-11-27_No.3703_9579_ELY.csv,44.0
data/texts/Oogirichaya_raw_data/2022-11-28_No.0905_8928_BTR.csv,69.0
data/texts/Oogirichaya_raw_data/2022-11-29_No.1650_7445_FNP.csv,64.0
data/texts/Oogirichaya_raw_data/2022-12-01_No.1689_7258_RAH.csv,53.0
data/texts/Oogirichaya_raw_data/2022-12-02_No.8241_7307_SNE.csv,50.0
data/texts/Oogirichaya_raw_data/2022-12-03_No.0517_6149_QIU.csv,61.0
data/texts/Oogirichaya_raw_data/2022-12-04_No.1504_5155_QET.csv,84.0
data/texts/Oogirichaya_raw_data/2022-12-05_No.4946_2342_OUG.csv,68.0
data/texts/Oogirichaya_raw_data/2022-12-06_No.2508_6237_LEY.csv,66.0
data/texts/Oogirichaya_raw_data/2022-12-07_No.6597_7542_LYQ.csv,70.0
data/texts/Oogirichaya_raw_data/2022-12-08_No.3298_0048_CHI.csv,62.0
data/texts/Oogirichaya_raw_data/2022-12-09_No.4993_8250_ZMR.csv,52.0
data/texts/Oogirichaya_raw_data/2022-12-10_No.7835_3520_MWA.csv,45.0
data/texts/Oogirichaya_raw_data/2022-12-12_No.2835_4040_UHF.csv,60.0
data/texts/Oogirichaya_raw_data/2022-12-13_No.1560_9423_HWY.csv,63.0
data/texts/Oogirichaya_raw_data/2022-12-14_No.7896_7892_JSC.csv,67.0
data/texts/Oogirichaya_raw_data/2022-12-15_No.7525_1299_SVA.csv,71.0
data/texts/Oogirichaya_raw_data/2022-12-16_No.0612_0714_ICQ.csv,109.0
data/texts/Oogirichaya_raw_data/2022-12-17_No.3809_4712_STA.csv,69.0
data/texts/Oogirichaya_raw_data/2022-12-18_No.2179_6449_MTT.csv,51.0
data/texts/Oogirichaya_raw_data/2022-12-19_No.4324_7333_VRM.csv,26.0
data/texts/Oogirichaya_raw_data/2022-12-21_No.5295_1999_IXG.csv,69.0
data/texts/Oogirichaya_raw_data/2022-12-22_No.7225_1978_FDU.csv,66.0
data/texts/Oogirichaya_raw_data/2022-12-23_No.2126_6633_WVS.csv,51.0
data/texts/Oogirichaya_raw_data/2022-12-24_No.1160_2810_VTX.csv,52.0
data/texts/Oogirichaya_raw_data/2022-12-26_No.1961_6201_AED.csv,50.0
data/texts/Oogirichaya_raw_data/2022-12-27_No.3516_9873_DQU.csv,65.0
data/texts/Oogirichaya_raw_data/2022-12-28_No.1872_8592_LRV.csv,76.0
data/texts/Oogirichaya_raw_data/2022-12-29_No.1298_0318_ZXK.csv,27.0
data/texts/Oogirichaya_raw_data/2023-01-01_No.0733_1735_WOP.csv,38.0
data/texts/Oogirichaya_raw_data/2023-01-02_No.2906_3252_GMJ.csv,73.0
data/texts/Oogirichaya_raw_data/2023-01-05_No.0969_7292_ZWZ.csv,57.0
data/texts/Oogirichaya_raw_data/2023-01-06_No.2300_0582_UAU.csv,51.0
data/texts/Oogirichaya_raw_data/2023-01-07_No.3611_1544_HJZ.csv,67.0
data/texts/Oogirichaya_raw_data/2023-01-08_No.3812_0129_RRO.csv,52.0
data/texts/Oogirichaya_raw_data/2023-01-13_No.3151_9567_TJO.csv,50.0
data/texts/Oogirichaya_raw_data/2023-01-14_No.2631_9776_LAK.csv,43.0
data/texts/Oogirichaya_raw_data/2023-01-15_No.2387_3936_IXS.csv,60.0
data/texts/Oogirichaya_raw_data/2023-01-16_No.2471_3431_LYJ.csv,58.0
data/texts/Oogirichaya_raw_data/2023-01-17_No.2890_0171_JER.csv,54.0
data/texts/Oogirichaya_raw_data/2023-01-18_No.4537_3198_JOU.csv,52.0
data/texts/Oogirichaya_raw_data/2023-01-19_No.1966_6874_RMR.csv,66.0
data/texts/Oogirichaya_raw_data/2023-01-20_No.4894_1674_NLO.csv,29.0
data/texts/Oogirichaya_raw_data/2023-01-21_No.5953_5543_AWD.csv,50.0
data/texts/Oogirichaya_raw_data/2023-01-22_No.0407_4626_AQP.csv,91.0
data/texts/Oogirichaya_raw_data/2023-01-23_No.1588_9366_UFC.csv,62.0
data/texts/Oogirichaya_raw_data/2023-01-24_No.0011_0295_VPU.csv,32.0
data/texts/Oogirichaya_raw_data/2023-01-26_No.1670_5620_PYN.csv,39.0
data/texts/Oogirichaya_raw_data/2023-01-27_No.3858_4840_UFP.csv,64.0
data/texts/Oogirichaya_raw_data/2023-01-28_No.2905_4610_PMK.csv,59.0
data/texts/Oogirichaya_raw_data/2023-01-29_No.1618_7108_GGI.csv,68.0
data/texts/Oogirichaya_raw_data/2023-01-30_No.6268_5701_FQT.csv,56.0
data/texts/Oogirichaya_raw_data/2023-01-31_No.2660_0546_GTJ.csv,99.0
data/texts/Oogirichaya_raw_data/2023-02-03_No.3674_9138_GMT.csv,45.0
data/texts/Oogirichaya_raw_data/2023-02-04_No.1573_9482_BKT.csv,62.0
data/texts/Oogirichaya_raw_data/2023-02-05_No.4257_3023_QEA.csv,59.0
data/texts/Oogirichaya_raw_data/2023-02-06_No.5892_7449_NTF.csv,82.0
data/texts/Oogirichaya_raw_data/2023-02-07_No.0606_5977_DMS.csv,69.0
data/texts/Oogirichaya_raw_data/2023-02-08_No.0426_7808_MVL.csv,33.0
data/texts/Oogirichaya_raw_data/2023-02-10_No.2941_9386_LPB.csv,51.0
data/texts/Oogirichaya_raw_data/2023-02-11_No.0507_0778_FDP.csv,46.0
data/texts/Oogirichaya_raw_data/2023-02-12_No.0948_0484_HFM.csv,81.0
data/texts/Oogirichaya_raw_data/2023-02-13_No.2969_6764_TPQ.csv,77.0
data/texts/Oogirichaya_raw_data/2023-02-14_No.1005_3800_QIN.csv,68.0
data/texts/Oogirichaya_raw_data/2023-02-16_No.3643_0303_GAF.csv,31.0
data/texts/Oogirichaya_raw_data/2023-02-17_No.2921_7376_UXP.csv,48.0
data/texts/Oogirichaya_raw_data/2023-02-18_No.1204_7427_MEA.csv,78.0
data/texts/Oogirichaya_raw_data/2023-02-19_No.2829_3572_CGE.csv,42.0
data/texts/Oogirichaya_raw_data/2023-02-20_No.2380_3581_WUV.csv,67.0
data/texts/Oogirichaya_raw_data/2023-02-21_No.0371_0829_FQB.csv,44.0
data/texts/Oogirichaya_raw_data/2023-02-22_No.0953_3669_TJY.csv,43.0
data/texts/Oogirichaya_raw_data/2023-02-23_No.0455_1313_JMI.csv,69.0
data/texts/Oogirichaya_raw_data/2023-02-24_No.5292_2092_FWK.csv,43.0
data/texts/Oogirichaya_raw_data/2023-02-25_No.0132_2543_MJL.csv,58.0
data/texts/Oogirichaya_raw_data/2023-02-26_No.2211_0265_JFB.csv,47.0
data/texts/Oogirichaya_raw_data/2023-02-28_No.1476_8813_MIN.csv,45.0
data/texts/Oogirichaya_raw_data/2023-03-02_No.3253_2143_PNS.csv,38.0
data/texts/Oogirichaya_raw_data/2023-03-06_No.7550_7010_DCM.csv,55.0
data/texts/Oogirichaya_raw_data/2023-03-08_No.1529_6028_VYM.csv,53.0
data/texts/Oogirichaya_raw_data/2023-03-09_No.2619_1030_CXI.csv,74.0
data/texts/Oogirichaya_raw_data/2023-03-11_No.2311_1938_CAQ.csv,69.0
data/texts/Oogirichaya_raw_data/2023-03-12_No.3752_0754_FRO.csv,60.0
data/texts/Oogirichaya_raw_data/2023-03-13_No.2121_4822_SFB.csv,55.0
data/texts/Oogirichaya_raw_data/2023-03-14_No.2219_9251_WNL.csv,42.0
data/texts/Oogirichaya_raw_data/2023-03-15_No.4961_3483_WUF.csv,29.0
data/texts/Oogirichaya_raw_data/2023-03-16_No.1685_0003_XZC.csv,39.0
data/texts/Oogirichaya_raw_data/2023-03-17_No.0894_9711_VHO.csv,36.0
data/texts/Oogirichaya_raw_data/2023-03-19_No.1078_7078_XFG.csv,57.0
data/texts/Oogirichaya_raw_data/2023-03-20_No.0442_8581_KIX.csv,47.0
data/texts/Oogirichaya_raw_data/2023-03-21_No.0576_9422_DUX.csv,60.0
data/texts/Oogirichaya_raw_data/2023-03-22_No.3045_7368_IAF.csv,65.0
data/texts/Oogirichaya_raw_data/2023-03-23_No.1786_9909_DSR.csv,54.0
data/texts/Oogirichaya_raw_data/2023-03-24_No.6323_3019_VXJ.csv,52.0
data/texts/Oogirichaya_raw_data/2023-03-25_No.1769_5702_QXR.csv,45.0
data/texts/Oogirichaya_raw_data/2023-03-26_No.2339_9068_OEL.csv,80.0
data/texts/Oogirichaya_raw_data/2023-03-28_No.3946_3421_PHS.csv,44.0
data/texts/Oogirichaya_raw_data/2023-03-29_No.5213_7421_IDV.csv,73.0
data/texts/Oogirichaya_raw_data/2023-03-30_No.3298_7324_ZUE.csv,59.0
data/texts/Oogirichaya_raw_data/2023-03-31_No.8445_8753_HTR.csv,45.0
data/texts/Oogirichaya_raw_data/2023-04-01_No.3859_1397_UDN.csv,47.0
data/texts/Oogirichaya_raw_data/2023-04-02_No.1142_2666_QUT.csv,47.0
data/texts/Oogirichaya_raw_data/2023-04-04_No.4702_1695_MJT.csv,34.0
data/texts/Oogirichaya_raw_data/2023-04-05_No.4465_0165_LCJ.csv,55.0
data/texts/Oogirichaya_raw_data/2023-04-06_No.3722_6872_BGU.csv,59.0
data/texts/Oogirichaya_raw_data/2023-04-08_No.2360_9799_TJC.csv,60.0
data/texts/Oogirichaya_raw_data/2023-04-10_No.0119_2364_KPK.csv,36.0
data/texts/Oogirichaya_raw_data/2023-04-11_No.3386_0466_SPI.csv,65.0
data/texts/Oogirichaya_raw_data/2023-04-12_No.1161_3942_EYF.csv,47.0
data/texts/Oogirichaya_raw_data/2023-04-14_No.2772_0160_LFK.csv,47.0
data/texts/Oogirichaya_raw_data/2023-04-17_No.2755_0019_TKM.csv,61.0
data/texts/Oogirichaya_raw_data/2023-04-19_No.0822_7291_UID.csv,62.0
data/texts/Oogirichaya_raw_data/2023-04-20_No.4571_4335_DTF.csv,44.0
data/texts/Oogirichaya_raw_data/2023-04-21_No.0183_7178_ABQ.csv,52.0
data/texts/Oogirichaya_raw_data/2023-04-22_No.0650_6583_GYW.csv,101.0
data/texts/Oogirichaya_raw_data/2023-04-23_No.4778_6978_LXP.csv,45.0
data/texts/Oogirichaya_raw_data/2023-04-24_No.0222_1387_FUM.csv,49.0
data/texts/Oogirichaya_raw_data/2023-04-25_No.0780_6323_YBF.csv,50.0
data/texts/Oogirichaya_raw_data/2023-04-26_No.2901_2404_YRD.csv,89.0
data/texts/Oogirichaya_raw_data/2023-04-27_No.1790_6079_HNY.csv,38.0
data/texts/Oogirichaya_raw_data/2023-04-29_No.0907_9823_BRI.csv,37.0
data/texts/Oogirichaya_raw_data/2023-04-30_No.0109_9735_OZE.csv,48.0
data/texts/Oogirichaya_raw_data/2023-05-01_No.1400_9201_KHG.csv,62.0
data/texts/Oogirichaya_raw_data/2023-05-02_No.1562_0417_AXV.csv,49.0
data/texts/Oogirichaya_raw_data/2023-05-03_No.2805_3089_EGD.csv,43.0
data/texts/Oogirichaya_raw_data/2023-05-04_No.1381_7935_QKZ.csv,31.0
data/texts/Oogirichaya_raw_data/2023-05-05_No.3565_0979_RXY.csv,31.0
data/texts/Oogirichaya_raw_data/2023-05-14_No.1082_8200_AMA.csv,39.0
data/texts/Oogirichaya_raw_data/2023-05-17_No.0914_7759_OEU.csv,44.0
data/texts/Oogirichaya_raw_data/2023-05-19_No.1100_2406_PGR.csv,28.0
data/texts/Oogirichaya_raw_data/2023-05-20_No.1408_1756_JQE.csv,23.0
data/texts/Oogirichaya_raw_data/2023-05-21_No.0763_7677_CQV.csv,53.0
data/texts/Oogirichaya_raw_data/2023-05-22_No.0520_0558_BZL.csv,30.0
data/texts/Oogirichaya_raw_data/2023-05-24_No.5139_7371_CLV.csv,53.0
data/texts/Oogirichaya_raw_data/2023-05-26_No.0945_1488_BBA.csv,103.0
data/texts/Oogirichaya_raw_data/2023-05-27_No.3329_8179_GDO.csv,55.0
data/texts/Oogirichaya_raw_data/2023-05-28_No.2443_9554_MVW.csv,64.0
data/texts/Oogirichaya_raw_data/2023-05-30_No.0072_5719_MRW.csv,31.0
data/texts/Oogirichaya_raw_data/2023-05-31_No.0397_2785_JNQ.csv,35.0
data/texts/Oogirichaya_raw_data/2023-06-01_No.0680_4131_MVU.csv,35.0
data/texts/Oogirichaya_raw_data/2023-06-02_No.3866_3627_ZWE.csv,46.0
data/texts/Oogirichaya_raw_data/2023-06-04_No.1223_4648_HMB.csv,34.0
data/texts/Oogirichaya_raw_data/2023-06-05_No.2748_3653_THV.csv,55.0
data/texts/Oogirichaya_raw_data/2023-06-08_No.0470_8330_KNH.csv,36.0
data/texts/Oogirichaya_raw_data/2023-06-10_No.0560_1814_KCD.csv,54.0
data/texts/Oogirichaya_raw_data/2023-06-12_No.2408_4439_CKN.csv,45.0
data/texts/Oogirichaya_raw_data/2023-06-13_No.1712_5407_UDY.csv,89.0
data/texts/Oogirichaya_raw_data/2023-06-14_No.2427_7514_KFW.csv,40.0
data/texts/Oogirichaya_raw_data/2023-06-15_No.0379_9968_QIH.csv,63.0
data/texts/Oogirichaya_raw_data/2023-06-16_No.3892_0832_NLZ.csv,55.0
data/texts/Oogirichaya_raw_data/2023-06-18_No.4176_3236_QFQ.csv,64.0
data/texts/Oogirichaya_raw_data/2023-06-20_No.0802_2614_RVE.csv,41.0
data/texts/Oogirichaya_raw_data/2023-06-21_No.3367_2703_YUN.csv,41.0
data/texts/Oogirichaya_raw_data/2023-06-22_No.1692_5007_ASM.csv,27.0
data/texts/Oogirichaya_raw_data/2023-06-23_No.1439_6912_AWQ.csv,21.0
data/texts/Oogirichaya_raw_data/2023-06-25_No.0979_8240_DZK.csv,31.0
data/texts/Oogirichaya_raw_data/2023-06-27_No.1468_0109_GJK.csv,38.0
data/texts/Oogirichaya_raw_data/2023-06-28_No.1096_8936_RLD.csv,49.0
data/texts/Oogirichaya_raw_data/2023-06-29_No.0036_2169_XYC.csv,40.0
data/texts/Oogirichaya_raw_data/2023-07-01_No.0499_2006_OWX.csv,38.0
data/texts/Oogirichaya_raw_data/2023-07-02_No.1094_3044_AUH.csv,60.0
data/texts/Oogirichaya_raw_data/2023-07-03_No.3917_4715_PQB.csv,45.0
data/texts/Oogirichaya_raw_data/2023-07-04_No.3233_5069_WZF.csv,36.0
data/texts/Oogirichaya_raw_data/2023-07-05_No.0669_8158_DDG.csv,33.0
data/texts/Oogirichaya_raw_data/2023-07-06_No.1225_9720_YBR.csv,34.0
data/texts/Oogirichaya_raw_data/2023-07-07_No.0614_0687_PHN.csv,73.0
data/texts/Oogirichaya_raw_data/2023-07-09_No.0813_7075_CTL.csv,71.0
data/texts/Oogirichaya_raw_data/2023-07-10_No.1069_8561_DCX.csv,78.0
data/texts/Oogirichaya_raw_data/2023-07-11_No.0889_1671_PNY.csv,43.0
data/texts/Oogirichaya_raw_data/2023-07-12_No.0144_4536_PKK.csv,44.0
data/texts/Oogirichaya_raw_data/2023-07-13_No.0612_6564_BZT.csv,32.0
data/texts/Oogirichaya_raw_data/2023-07-14_No.0631_6699_FUF.csv,34.0
data/texts/Oogirichaya_raw_data/2023-07-15_No.1196_3748_NJG.csv,46.0
data/texts/Oogirichaya_raw_data/2023-07-17_No.0336_4709_TQJ.csv,32.0
data/texts/Oogirichaya_raw_data/2023-07-18_No.0183_3763_ZNQ.csv,41.0
data/texts/Oogirichaya_raw_data/2023-07-19_No.5275_8030_NDR.csv,39.0
data/texts/Oogirichaya_raw_data/2023-07-20_No.0345_7236_LPT.csv,61.0
data/texts/Oogirichaya_raw_data/2023-07-22_No.1995_2913_DMD.csv,49.0
data/texts/Oogirichaya_raw_data/2023-07-23_No.0161_8241_PCG.csv,39.0
data/texts/Oogirichaya_raw_data/2023-07-25_No.0735_7642_SVO.csv,64.0
data/texts/Oogirichaya_raw_data/2023-07-26_No.1144_5808_LTR.csv,43.0
data/texts/Oogirichaya_raw_data/2023-07-27_No.0195_5994_DCZ.csv,43.0
data/texts/Oogirichaya_raw_data/2023-07-29_No.4191_5391_LEV.csv,35.0
data/texts/Oogirichaya_raw_data/2023-07-30_No.0339_9690_BTI.csv,26.0
data/texts/Oogirichaya_raw_data/2023-07-31_No.3021_8944_WEF.csv,74.0
data/texts/Oogirichaya_raw_data/2023-08-01_No.0924_8129_MSE.csv,45.0
data/texts/Oogirichaya_raw_data/2023-08-03_No.3078_8200_VWN.csv,44.0
data/texts/Oogirichaya_raw_data/2023-08-04_No.5585_0157_IRT.csv,37.0
data/texts/Oogirichaya_raw_data/2023-08-06_No.2200_8334_JYY.csv,34.0
data/texts/Oogirichaya_raw_data/2023-08-07_No.0562_2755_IPT.csv,41.0
data/texts/Oogirichaya_raw_data/2023-08-10_No.1384_4695_RQN.csv,34.0
data/texts/Oogirichaya_raw_data/2023-08-11_No.2010_0417_YJA.csv,38.0
data/texts/Oogirichaya_raw_data/2023-08-12_No.6992_2162_AGB.csv,38.0
data/texts/Oogirichaya_raw_data/2023-08-13_No.0232_9994_GFV.csv,31.0
data/texts/Oogirichaya_raw_data/2023-08-14_No.0247_9180_UAZ.csv,36.0
data/texts/Oogirichaya_raw_data/2023-08-15_No.2208_5350_LJG.csv,48.0
data/texts/Oogirichaya_raw_data/2023-08-16_No.0067_9389_HFU.csv,32.0
data/texts/Oogirichaya_raw_data/2023-08-17_No.0539_9595_TXV.csv,33.0
data/texts/Oogirichaya_raw_data/2023-08-18_No.0988_5823_NLW.csv,54.0
data/texts/Oogirichaya_raw_data/2023-08-19_No.2298_4468_PVF.csv,33.0
data/texts/Oogirichaya_raw_data/2023-08-21_No.1351_0899_WUT.csv,38.0
data/texts/Oogirichaya_raw_data/2023-08-22_No.1211_0296_AYA.csv,55.0
data/texts/Oogirichaya_raw_data/2023-08-23_No.1573_6115_TDY.csv,23.0
data/texts/Oogirichaya_raw_data/2023-08-25_No.1546_2893_BPM.csv,39.0
data/texts/Oogirichaya_raw_data/2023-08-26_No.2249_9523_QAY.csv,50.0
data/texts/Oogirichaya_raw_data/2023-08-27_No.0774_6866_TQZ.csv,43.0
data/texts/Oogirichaya_raw_data/2023-08-28_No.1103_4824_IFF.csv,40.0
data/texts/Oogirichaya_raw_data/2023-08-29_No.0049_6360_EFV.csv,43.0
data/texts/Oogirichaya_raw_data/2023-08-31_No.0926_1158_RDK.csv,31.0
data/texts/Oogirichaya_raw_data/2023-09-01_No.0473_6909_NYY.csv,39.0
data/texts/Oogirichaya_raw_data/2023-09-02_No.0807_7625_KKK.csv,37.0
data/texts/Oogirichaya_raw_data/2023-09-03_No.0653_1679_CWX.csv,29.0
data/texts/Oogirichaya_raw_data/2023-09-04_No.1465_6988_GZN.csv,41.0
data/texts/Oogirichaya_raw_data/2023-09-05_No.1329_4118_RNX.csv,41.0
data/texts/Oogirichaya_raw_data/2023-09-06_No.1833_1831_HVD.csv,50.0
data/texts/Oogirichaya_raw_data/2023-09-07_No.1403_0612_GLO.csv,37.0
data/texts/Oogirichaya_raw_data/2023-09-08_No.0879_0871_NCM.csv,33.0
data/texts/Oogirichaya_raw_data/2023-09-09_No.0127_8799_ONF.csv,31.0
data/texts/Oogirichaya_raw_data/2023-09-10_No.2114_3292_HFU.csv,42.0
data/texts/Oogirichaya_raw_data/2023-09-11_No.1390_0369_LFO.csv,42.0
data/texts/Oogirichaya_raw_data/2023-09-13_No.0578_9528_RDF.csv,31.0
data/texts/Oogirichaya_raw_data/2023-09-14_No.0793_6867_WFU.csv,48.0
data/texts/Oogirichaya_raw_data/2023-09-16_No.2958_3749_FAA.csv,38.0
data/texts/Oogirichaya_raw_data/2023-09-17_No.0699_1144_BCB.csv,52.0
data/texts/Oogirichaya_raw_data/2023-09-18_No.0208_6206_ESN.csv,48.0
data/texts/Oogirichaya_raw_data/2023-09-19_No.1723_4686_XJF.csv,48.0
data/texts/Oogirichaya_raw_data/2023-09-20_No.1108_0999_LYV.csv,48.0
data/texts/Oogirichaya_raw_data/2023-09-21_No.0432_1309_TOS.csv,31.0
data/texts/Oogirichaya_raw_data/2023-09-22_No.1520_2925_ZRG.csv,43.0
data/texts/Oogirichaya_raw_data/2023-09-24_No.0322_6473_OMY.csv,39.0
data/texts/Oogirichaya_raw_data/2023-09-25_No.1076_6512_ARJ.csv,38.0
data/texts/Oogirichaya_raw_data/2023-09-26_No.3890_2001_IGJ.csv,35.0
data/texts/Oogirichaya_raw_data/2023-09-27_No.3557_7642_ZLP.csv,46.0
data/texts/Oogirichaya_raw_data/2023-09-28_No.1302_6645_WIX.csv,62.0
data/texts/Oogirichaya_raw_data/2023-10-01_No.0781_9460_YYO.csv,34.0
data/texts/Oogirichaya_raw_data/2023-10-02_No.1586_0070_BJX.csv,58.0
data/texts/Oogirichaya_raw_data/2023-10-03_No.0836_4347_MWT.csv,33.0
data/texts/Oogirichaya_raw_data/2023-10-05_No.1360_3848_JZB.csv,30.0
data/texts/Oogirichaya_raw_data/2023-10-06_No.1272_2802_JSU.csv,37.0
data/texts/Oogirichaya_raw_data/2023-10-07_No.2054_9713_OTQ.csv,23.0
data/texts/Oogirichaya_raw_data/2023-10-08_No.0565_9200_SZD.csv,41.0
data/texts/Oogirichaya_raw_data/2023-10-09_No.1756_8679_NGV.csv,26.0
data/texts/Oogirichaya_raw_data/2023-10-10_No.2010_3984_ONV.csv,36.0
data/texts/Oogirichaya_raw_data/2023-10-11_No.3194_4792_TJU.csv,38.0
data/texts/Oogirichaya_raw_data/2023-10-13_No.1118_0523_LAD.csv,74.0
data/texts/Oogirichaya_raw_data/2023-10-14_No.1974_0466_AIW.csv,22.0
data/texts/Oogirichaya_raw_data/2023-10-16_No.0439_7235_ZIV.csv,27.0
data/texts/Oogirichaya_raw_data/2023-10-17_No.0309_7813_ISI.csv,42.0
data/texts/Oogirichaya_raw_data/2023-10-20_No.1307_9018_JKQ.csv,28.0
data/texts/Oogirichaya_raw_data/2023-10-21_No.2889_7104_ZMW.csv,40.0
data/texts/Oogirichaya_raw_data/2023-10-22_No.0714_5026_JMN.csv,59.0
data/texts/Oogirichaya_raw_data/2023-10-23_No.0596_0973_FNB.csv,69.0
data/texts/Oogirichaya_raw_data/2023-10-24_No.2409_9649_MAA.csv,64.0
data/texts/Oogirichaya_raw_data/2023-10-25_No.0700_4015_CMI.csv,48.0
data/texts/Oogirichaya_raw_data/2023-10-26_No.1360_8603_ANL.csv,41.0
data/texts/Oogirichaya_raw_data/2023-10-27_No.3314_6021_MHU.csv,79.0
data/texts/Oogirichaya_raw_data/2023-10-28_No.0824_7250_SXD.csv,46.0
data/texts/Oogirichaya_raw_data/2023-10-29_No.2944_7395_MWC.csv,44.0
data/texts/Oogirichaya_raw_data/2023-10-30_No.0868_1249_WJL.csv,35.0
data/texts/Oogirichaya_raw_data/2023-10-31_No.2265_4019_ITU.csv,51.0
data/texts/Oogirichaya_raw_data/2023-11-02_No.2749_6530_FSV.csv,36.0
data/texts/Oogirichaya_raw_data/2023-11-03_No.1244_2467_YDT.csv,40.0
data/texts/Oogirichaya_raw_data/2023-11-05_No.0005_7012_BMA.csv,57.0
data/texts/Oogirichaya_raw_data/2023-11-06_No.0349_4169_VJW.csv,52.0
data/texts/Oogirichaya_raw_data/2023-11-07_No.1448_4178_GIH.csv,30.0
data/texts/Oogirichaya_raw_data/2023-11-11_No.3976_2895_VZV.csv,27.0
data/texts/Oogirichaya_raw_data/2023-11-12_No.1762_1064_CRL.csv,49.0
data/texts/Oogirichaya_raw_data/2023-11-13_No.1357_3905_QWS.csv,62.0
data/texts/Oogirichaya_raw_data/2023-11-14_No.0246_9668_OZF.csv,29.0
data/texts/Oogirichaya_raw_data/2023-11-15_No.0093_1757_NLK.csv,29.0
data/texts/Oogirichaya_raw_data/2023-11-16_No.2023_0996_WJY.csv,34.0
data/texts/Oogirichaya_raw_data/2023-11-17_No.0025_8906_FMN.csv,61.0
data/texts/Oogirichaya_raw_data/2023-11-18_No.0620_4815_MUA.csv,30.0
data/texts/Oogirichaya_raw_data/2023-11-19_No.0173_6661_MDV.csv,34.0
data/texts/Oogirichaya_raw_data/2023-11-20_No.0927_2401_AGS.csv,33.0
data/texts/Oogirichaya_raw_data/2023-11-22_No.2392_1772_EFC.csv,42.0
data/texts/Oogirichaya_raw_data/2023-11-23_No.0970_2991_QNV.csv,67.0
data/texts/Oogirichaya_raw_data/2023-11-25_No.1104_4976_QOO.csv,53.0
data/texts/Oogirichaya_raw_data/2023-11-27_No.3147_5555_HAY.csv,52.0
data/texts/Oogirichaya_raw_data/2023-11-28_No.0181_3566_GHP.csv,54.0
data/texts/Oogirichaya_raw_data/2023-11-29_No.0242_7309_XBF.csv,31.0
data/texts/Oogirichaya_raw_data/2023-11-30_No.3371_3644_YFB.csv,46.0
data/texts/Oogirichaya_raw_data/2023-12-02_No.0915_1664_AOJ.csv,34.0
data/texts/Oogirichaya_raw_data/2023-12-03_No.0194_3085_RSH.csv,38.0
data/texts/Oogirichaya_raw_data/2023-12-05_No.1374_9300_PZK.csv,35.0
data/texts/Oogirichaya_raw_data/2023-12-07_No.0648_3282_BRE.csv,50.0
data/texts/Oogirichaya_raw_data/2023-12-08_No.0830_2897_WRK.csv,59.0
data/texts/Oogirichaya_raw_data/2023-12-09_No.1427_1231_OCG.csv,55.0
data/texts/Oogirichaya_raw_data/2023-12-11_No.0321_4673_VKX.csv,35.0
data/texts/Oogirichaya_raw_data/2023-12-12_No.2369_9890_PBI.csv,35.0
data/texts/Oogirichaya_raw_data/2023-12-14_No.1174_7174_SYW.csv,74.0
data/texts/Oogirichaya_raw_data/2023-12-15_No.0385_5531_ZTW.csv,32.0
data/texts/Oogirichaya_raw_data/2023-12-17_No.0129_8306_CMI.csv,42.0
data/texts/Oogirichaya_raw_data/2023-12-18_No.0353_5181_UEZ.csv,37.0
data/texts/Oogirichaya_raw_data/2023-12-19_No.0644_9365_ASJ.csv,56.0
data/texts/Oogirichaya_raw_data/2023-12-20_No.1370_9640_ZUT.csv,48.0
data/texts/Oogirichaya_raw_data/2023-12-22_No.0323_2386_ELN.csv,27.0
data/texts/Oogirichaya_raw_data/2023-12-23_No.5053_0536_BYP.csv,39.0
data/texts/Oogirichaya_raw_data/2023-12-26_No.0000_6418_IGZ.csv,47.0
data/texts/Oogirichaya_raw_data/2023-12-27_No.0799_6349_AUL.csv,52.0
data/texts/Oogirichaya_raw_data/2023-12-28_No.3474_4703_DRI.csv,29.0
data/texts/Oogirichaya_raw_data/2023-12-29_No.1971_0348_YJD.csv,35.0
data/texts/Oogirichaya_raw_data/2023-12-30_No.0352_3433_SRA.csv,30.0
data/texts/Oogirichaya_raw_data/2023-12-31_No.2030_8677_KWS.csv,36.0
data/texts/Oogirichaya_raw_data/2024-01-01_No.0618_7337_IDM.csv,34.0
data/texts/Oogirichaya_raw_data/2024-01-02_No.1736_0785_CMY.csv,36.0
data/texts/Oogirichaya_raw_data/2024-01-03_No.3771_5884_YKL.csv,53.0
data/texts/Oogirichaya_raw_data/2024-01-04_No.1008_9528_FSC.csv,61.0
data/texts/Oogirichaya_raw_data/2024-01-08_No.1400_3257_SNM.csv,55.0
data/texts/Oogirichaya_raw_data/2024-01-09_No.2268_5227_XQY.csv,36.0
data/texts/Oogirichaya_raw_data/2024-01-10_No.0241_1727_HTA.csv,50.0
data/texts/Oogirichaya_raw_data/2024-01-12_No.1066_2318_JBH.csv,39.0
data/texts/Oogirichaya_raw_data/2024-01-13_No.2075_5194_ZXF.csv,61.0
data/texts/Oogirichaya_raw_data/2024-01-15_No.2506_1637_OZP.csv,40.0
data/texts/Oogirichaya_raw_data/2024-01-16_No.1115_2558_LTH.csv,38.0
data/texts/Oogirichaya_raw_data/2024-01-17_No.1603_9542_MOG.csv,33.0
data/texts/Oogirichaya_raw_data/2024-01-18_No.0284_8716_KLY.csv,46.0
data/texts/Oogirichaya_raw_data/2024-01-19_No.1906_3468_VRQ.csv,52.0
data/texts/Oogirichaya_raw_data/2024-01-20_No.0101_8581_GPN.csv,37.0
data/texts/Oogirichaya_raw_data/2024-01-21_No.0455_7188_IXZ.csv,41.0
data/texts/Oogirichaya_raw_data/2024-01-23_No.2151_4071_UUO.csv,42.0
data/texts/Oogirichaya_raw_data/2024-01-25_No.0339_8530_KOT.csv,38.0
data/texts/Oogirichaya_raw_data/2024-01-26_No.1611_8379_FBW.csv,33.0
data/texts/Oogirichaya_raw_data/2024-01-27_No.1071_5387_DJP.csv,40.0
data/texts/Oogirichaya_raw_data/2024-01-28_No.1594_8371_JZI.csv,62.0
data/texts/Oogirichaya_raw_data/2024-01-29_No.0643_8341_AAY.csv,31.0
data/texts/Oogirichaya_raw_data/2024-02-01_No.0280_8095_XMX.csv,42.0
data/texts/Oogirichaya_raw_data/2024-02-02_No.3270_7852_VTV.csv,50.0
data/texts/Oogirichaya_raw_data/2024-02-03_No.3568_1536_XRT.csv,66.0
data/texts/Oogirichaya_raw_data/2024-02-04_No.0528_6226_DRR.csv,28.0
data/texts/Oogirichaya_raw_data/2024-02-05_No.0366_7130_BIC.csv,33.0
data/texts/Oogirichaya_raw_data/2024-02-06_No.0949_4301_GTW.csv,60.0
data/texts/Oogirichaya_raw_data/2024-02-07_No.0908_3164_QSB.csv,24.0
data/texts/Oogirichaya_raw_data/2024-02-08_No.1393_5242_QPQ.csv,44.0
data/texts/Oogirichaya_raw_data/2024-02-09_No.1908_3400_HED.csv,37.0
data/texts/Oogirichaya_raw_data/2024-02-10_No.0379_7847_GZA.csv,50.0
data/texts/Oogirichaya_raw_data/2024-02-11_No.1903_2367_WKV.csv,28.0
data/texts/Oogirichaya_raw_data/2024-02-12_No.0783_4982_AES.csv,34.0
data/texts/Oogirichaya_raw_data/2024-02-13_No.0695_5323_DAC.csv,55.0
data/texts/Oogirichaya_raw_data/2024-02-14_No.2060_6992_KQO.csv,41.0
data/texts/Oogirichaya_raw_data/2024-02-16_No.0291_8528_PRI.csv,49.0
data/texts/Oogirichaya_raw_data/2024-02-17_No.1363_2052_YNN.csv,33.0
data/texts/Oogirichaya_raw_data/2024-02-18_No.0064_9520_LWH.csv,44.0
data/texts/Oogirichaya_raw_data/2024-02-19_No.0800_2800_DWQ.csv,42.0
data/texts/Oogirichaya_raw_data/2024-02-20_No.0045_1749_CXO.csv,35.0
data/texts/Oogirichaya_raw_data/2024-02-21_No.1662_0230_QLX.csv,40.0
data/texts/Oogirichaya_raw_data/2024-02-22_No.0385_0815_OVW.csv,32.0
data/texts/Oogirichaya_raw_data/2024-02-24_No.0072_6882_VWD.csv,29.0
data/texts/Oogirichaya_raw_data/2024-02-25_No.2233_5611_DQB.csv,55.0
data/texts/Oogirichaya_raw_data/2024-02-26_No.2522_4117_KVP.csv,70.0
data/texts/Oogirichaya_raw_data/2024-02-28_No.0944_9538_XKH.csv,48.0
data/texts/Oogirichaya_raw_data/2024-02-29_No.1040_0947_FBQ.csv,27.0
data/texts/Oogirichaya_raw_data/2024-03-01_No.0979_9670_ZEA.csv,48.0
data/texts/Oogirichaya_raw_data/2024-03-02_No.1086_7090_SAW.csv,45.0
data/texts/Oogirichaya_raw_data/2024-03-03_No.0157_1279_SRI.csv,63.0
data/texts/Oogirichaya_raw_data/2024-03-05_No.0800_8440_ALA.csv,37.0
data/texts/Oogirichaya_raw_data/2024-03-06_No.0018_1351_IIH.csv,45.0
data/texts/Oogirichaya_raw_data/2024-03-07_No.1145_6668_BZL.csv,37.0
data/texts/Oogirichaya_raw_data/2024-03-08_No.1319_9374_GVH.csv,33.0
data/texts/Oogirichaya_raw_data/2024-03-09_No.0908_9353_LBK.csv,41.0
data/texts/Oogirichaya_raw_data/2024-03-10_No.0232_6125_MON.csv,46.0
data/texts/Oogirichaya_raw_data/2024-03-12_No.0811_0173_ACI.csv,36.0
data/texts/Oogirichaya_raw_data/2024-03-13_No.0156_2599_RWK.csv,34.0
data/texts/Oogirichaya_raw_data/2024-03-14_No.0327_3154_QGO.csv,35.0
data/texts/Oogirichaya_raw_data/2024-03-16_No.0329_5984_HKT.csv,53.0
data/texts/Oogirichaya_raw_data/2024-03-17_No.0685_7592_HYX.csv,36.0
data/texts/Oogirichaya_raw_data/2024-03-18_No.0929_8834_EMN.csv,37.0
data/texts/Oogirichaya_raw_data/2024-03-19_No.3877_2236_CJB.csv,34.0
data/texts/Oogirichaya_raw_data/2024-03-20_No.0278_4563_YHM.csv,50.0
data/texts/Oogirichaya_raw_data/2024-03-21_No.1915_2042_XJB.csv,49.0
data/texts/Oogirichaya_raw_data/2024-03-23_No.0138_4972_VTL.csv,37.0
data/texts/Oogirichaya_raw_data/2024-03-24_No.0569_2001_QAX.csv,46.0
data/texts/Oogirichaya_raw_data/2024-03-25_No.4311_3344_MMD.csv,56.0
data/texts/Oogirichaya_raw_data/2024-03-26_No.0467_7225_AEN.csv,52.0
data/texts/Oogirichaya_raw_data/2024-03-28_No.1040_5168_RGW.csv,41.0
data/texts/Oogirichaya_raw_data/2024-03-29_No.0442_7009_GUU.csv,21.0
data/texts/Oogirichaya_raw_data/2024-04-01_No.0529_0905_MKI.csv,56.0
data/texts/Oogirichaya_raw_data/2024-04-02_No.0074_9818_IXU.csv,31.0
data/texts/Oogirichaya_raw_data/2024-04-03_No.1045_2183_TZZ.csv,60.0
data/texts/Oogirichaya_raw_data/2024-04-04_No.0479_8822_YBH.csv,29.0
data/texts/Oogirichaya_raw_data/2024-04-05_No.1684_0799_PJO.csv,46.0
data/texts/Oogirichaya_raw_data/2024-04-06_No.0050_6457_IXL.csv,66.0
data/texts/Oogirichaya_raw_data/2024-04-07_No.0067_7480_URQ.csv,37.0
data/texts/Oogirichaya_raw_data/2024-04-09_No.1490_8187_XLJ.csv,31.0
data/texts/Oogirichaya_raw_data/2024-04-11_No.0325_6288_IRY.csv,55.0
data/texts/Oogirichaya_raw_data/2024-04-12_No.0216_0090_DBS.csv,65.0
data/texts/Oogirichaya_raw_data/2024-04-13_No.1631_7107_NER.csv,32.0
data/texts/Oogirichaya_raw_data/2024-04-15_No.1068_0204_LTD.csv,39.0
data/texts/Oogirichaya_raw_data/2024-04-18_No.1566_5125_JPZ.csv,37.0
data/texts/Oogirichaya_raw_data/2024-04-19_No.0997_2835_LXM.csv,34.0
data/texts/Oogirichaya_raw_data/2024-04-20_No.0228_9992_MRI.csv,38.0
data/texts/Oogirichaya_raw_data/2024-04-21_No.0633_2260_XLR.csv,34.0
data/texts/Oogirichaya_raw_data/2024-04-23_No.1536_9818_TNV.csv,49.0
data/texts/Oogirichaya_raw_data/2024-04-25_No.0922_3654_LMK.csv,29.0
data/texts/Oogirichaya_raw_data/2024-04-26_No.0675_0534_JYH.csv,36.0
data/texts/Oogirichaya_raw_data/2024-04-28_No.1981_0287_GDA.csv,97.0
data/texts/Oogirichaya_raw_data/2024-04-29_No.1504_6408_YQZ.csv,42.0
data/texts/Oogirichaya_raw_data/2024-04-30_No.1143_9798_VYI.csv,37.0
data/texts/Oogirichaya_raw_data/2024-05-01_No.0282_3007_ALL.csv,63.0
data/texts/Oogirichaya_raw_data/2024-05-02_No.1059_7610_FLZ.csv,38.0
data/texts/Oogirichaya_raw_data/2024-05-05_No.0835_4906_YFY.csv,100.0
data/texts/Oogirichaya_raw_data/2024-05-06_No.0952_4367_TWB.csv,102.0
data/texts/Oogirichaya_raw_data/2024-05-07_No.1166_3795_SBH.csv,63.0
data/texts/Oogirichaya_raw_data/2024-05-08_No.0477_4374_AOX.csv,53.0
data/texts/Oogirichaya_raw_data/2024-05-09_No.1417_5604_FYC.csv,37.0
data/texts/Oogirichaya_raw_data/2024-05-10_No.0363_0783_FGY.csv,43.0
data/texts/Oogirichaya_raw_data/2024-05-11_No.1106_4954_QOA.csv,33.0
data/texts/Oogirichaya_raw_data/2024-05-12_No.2093_1072_DUZ.csv,50.0
data/texts/Oogirichaya_raw_data/2024-05-14_No.0166_0332_NTN.csv,46.0
data/texts/Oogirichaya_raw_data/2024-05-15_No.2205_7614_WIG.csv,32.0
data/texts/Oogirichaya_raw_data/2024-05-16_No.0353_3808_MCH.csv,24.0
data/texts/Oogirichaya_raw_data/2024-05-18_No.0369_3321_OFT.csv,42.0
data/texts/Oogirichaya_raw_data/2024-05-19_No.0420_1301_DYQ.csv,33.0
data/texts/Oogirichaya_raw_data/2024-05-20_No.2056_4848_QEG.csv,24.0
data/texts/Oogirichaya_raw_data/2024-05-21_No.0197_3088_VUA.csv,46.0
data/texts/Oogirichaya_raw_data/2024-05-22_No.0871_8977_JIM.csv,48.0
data/texts/Oogirichaya_raw_data/2024-05-23_No.0360_4503_ZNB.csv,51.0
data/texts/Oogirichaya_raw_data/2024-05-24_No.1198_5079_AJP.csv,37.0
data/texts/Oogirichaya_raw_data/2024-05-25_No.0600_1577_ACT.csv,36.0
data/texts/Oogirichaya_raw_data/2024-05-26_No.0364_5784_MJX.csv,22.0
data/texts/Oogirichaya_raw_data/2024-05-27_No.1914_1462_UJJ.csv,64.0
data/texts/Oogirichaya_raw_data/2024-05-28_No.0667_4029_HNT.csv,28.0
data/texts/Oogirichaya_raw_data/2024-05-29_No.0046_1262_MFE.csv,54.0
data/texts/Oogirichaya_raw_data/2024-05-30_No.0411_0253_ANA.csv,54.0
data/texts/Oogirichaya_raw_data/2024-05-31_No.1867_2972_BPD.csv,49.0
data/texts/Oogirichaya_raw_data/2024-06-02_No.1502_5829_YNC.csv,29.0
data/texts/Oogirichaya_raw_data/2024-06-03_No.0133_8373_SSI.csv,69.0
data/texts/Oogirichaya_raw_data/2024-06-04_No.0264_2588_HMU.csv,34.0
data/texts/Oogirichaya_raw_data/2024-06-05_No.2939_3145_XNN.csv,43.0
data/texts/Oogirichaya_raw_data/2024-06-06_No.0106_3343_XVM.csv,42.0
data/texts/Oogirichaya_raw_data/2024-06-07_No.3050_8301_GUH.csv,32.0
data/texts/Oogirichaya_raw_data/2024-06-08_No.0013_0297_NYA.csv,44.0
data/texts/Oogirichaya_raw_data/2024-06-10_No.0564_5689_IBT.csv,21.0
data/texts/Oogirichaya_raw_data/2024-06-11_No.1078_2662_TYB.csv,51.0
data/texts/Oogirichaya_raw_data/2024-06-12_No.0570_5658_SPQ.csv,36.0
data/texts/Oogirichaya_raw_data/2024-06-13_No.1585_7177_TDJ.csv,41.0
data/texts/Oogirichaya_raw_data/2024-06-15_No.3296_1944_HYF.csv,36.0
data/texts/Oogirichaya_raw_data/2024-06-16_No.1617_7287_JPP.csv,56.0
data/texts/Oogirichaya_raw_data/2024-06-18_No.2715_3272_PLA.csv,35.0
data/texts/Oogirichaya_raw_data/2024-06-19_No.1710_8984_WZI.csv,46.0
data/texts/Oogirichaya_raw_data/2024-06-22_No.0897_1073_FXA.csv,33.0
data/texts/Oogirichaya_raw_data/2024-06-23_No.0196_2873_EMX.csv,60.0
data/texts/Oogirichaya_raw_data/2024-06-24_No.0806_0114_VBH.csv,36.0
data/texts/Oogirichaya_raw_data/2024-06-25_No.2635_8159_ONB.csv,67.0
data/texts/Oogirichaya_raw_data/2024-06-26_No.0525_7672_AHH.csv,33.0
data/texts/Oogirichaya_raw_data/2024-06-27_No.2896_3278_RIH.csv,29.0
data/texts/Oogirichaya_raw_data/2024-06-28_No.0088_8401_ZJO.csv,40.0
data/texts/Oogirichaya_raw_data/2024-06-29_No.0413_0183_EHS.csv,45.0
data/texts/Oogirichaya_raw_data/2024-06-30_No.0485_4175_TNO.csv,53.0
data/texts/Oogirichaya_raw_data/2024-07-01_No.0741_2563_UOD.csv,48.0
data/texts/Oogirichaya_raw_data/2024-07-02_No.2264_4185_ZSV.csv,53.0
data/texts/Oogirichaya_raw_data/2024-07-03_No.0172_4902_WLA.csv,45.0
data/texts/Oogirichaya_raw_data/2024-07-04_No.1676_5994_XEZ.csv,44.0
data/texts/Oogirichaya_raw_data/2024-07-05_No.3023_0922_BWE.csv,37.0
data/texts/Oogirichaya_raw_data/2024-07-06_No.0398_1115_SLB.csv,32.0
data/texts/Oogirichaya_raw_data/2024-07-07_No.0345_7081_KTQ.csv,65.0
data/texts/Oogirichaya_raw_data/2024-07-09_No.2486_5386_BIP.csv,28.0
data/texts/Oogirichaya_raw_data/2024-07-10_No.0275_0626_MDY.csv,30.0
data/texts/Oogirichaya_raw_data/2024-07-12_No.2536_0123_HSN.csv,49.0
data/texts/Oogirichaya_raw_data/2024-07-13_No.2209_9277_FDX.csv,37.0
data/texts/Oogirichaya_raw_data/2024-07-14_No.1810_0795_DUZ.csv,37.0
data/texts/Oogirichaya_raw_data/2024-07-15_No.7014_8879_DIW.csv,35.0
data/texts/Oogirichaya_raw_data/2024-07-16_No.5349_6667_ZMO.csv,56.0
data/texts/Oogirichaya_raw_data/2024-07-17_No.9058_5752_SWV.csv,37.0
